IRC Token,Amount,No. of Transactions
BALN,594480.0497520816,5718
sICX,6359338.7342626555,3636
bnUSD,3769748.386032909,3554
IWIN,128459.74350000455,2694
IAM,28148.454458097163,1949
METX,459172.9595270771,859
PGT,3000.000000000001,696
UP,3.7164323950150475,143
LDX,117453.0,116
TAP,406531.22277152113,65
SEED,28.153442000000002,37
ACT,2018.0,17
SSX,10302.5,16
HGC,40000.0,8
SPORTS,1500000.0,1
uMETX,1307.4362617939305,1
uTAP,517.31744119274,1
