IRC Token,Amount,No. of Transactions
IWIN,73474.54989999934,866
bnUSD,840830.7529948642,453
sICX,695102.0697809929,338
BALN,10008.877287727113,241
UP,52.37984565314737,92
TAP,1202063.573422178,73
LDX,14627.0,57
SEED,91.788622,23
METX,104398.12227699735,2
SSX,1500.0,1
uUP,76.16592499454259,1
